Workbook

Sheet 📊 Tracker
A1: 🎯 DESAFIO €10 → €1.000 | Estratégia 18 Steps @ 1.40 | Betclic
A2: Step | B2: Data | C2: Jogo / Evento | D2: Mercado / Seleção | E2: Odd | F2: Stake (€) | G2: Resultado (G/P/D) | H2: Retorno Bruto (€) | I2: % Banco | J2: → Banco (€) | K2: Banco Acumulado (€) | L2: Notas
A3: 1 | B3: 30/06/2026 | C3: Costa do Marfim vs Noruega | D3: Resultado sem empate — Noruega | E3: 1.45 | F3: 10 | G3: G | H3: =F3*E3 | I3: 0.135 | J3: =H3*I3 | K3: =J3 | L3: Step 1 ✅ CP Fase 1
A4: 2 | E4: 1.4 | F4: =H3-J3 | H4: =F4*E4 | I4: 0.135 | J4: =H4*I4 | K4: =K3+J4
A5: 3 | E5: 1.4 | F5: =H4-J4 | H5: =F5*E5 | I5: 0.135 | J5: =H5*I5 | K5: =K4+J5
A6: 4 | E6: 1.4 | F6: =H5-J5 | H6: =F6*E6 | I6: 0.135 | J6: =H6*I6 | K6: =K5+J6 | L6: 🏦 Recuperar €10 iniciais
A7: 5 | E7: 1.4 | F7: =H6-J6 | H7: =F7*E7 | I7: 0 | J7: =H7*I7 | K7: =K6+J7 | L7: Reinvestir 100%
A8: 6 | E8: 1.4 | F8: =H7-J7 | H8: =F8*E8 | I8: 0 | J8: =H8*I8 | K8: =K7+J8 | L8: Reinvestir 100%
A9: 7 | E9: 1.4 | F9: =H8-J8 | H9: =F9*E9 | I9: 0 | J9: =H9*I9 | K9: =K8+J9 | L9: Reinvestir 100%
A10: 8 | E10: 1.4 | F10: =H9-J9 | H10: =F10*E10 | I10: 0 | J10: =H10*I10 | K10: =K9+J10 | L10: Reinvestir 100%
A11: 9 | E11: 1.4 | F11: =H10-J10 | H11: =F11*E11 | I11: 0 | J11: =H11*I11 | K11: =K10+J11 | L11: 🔴 CP1 — Sacar €50 → Banco = €60
A12: 10 | E12: 1.4 | F12: =H11-J11-50 | H12: =F12*E12 | I12: 0 | J12: =H12*I12 | K12: =K11+J12+50 | L12: Pós CP1: sacar €50
A13: 11 | E13: 1.4 | F13: =H12-J12 | H13: =F13*E13 | I13: 0 | J13: =H13*I13 | K13: =K12+J13 | L13: Reinvestir 100%
A14: 12 | E14: 1.4 | F14: =H13-J13 | H14: =F14*E14 | I14: 0 | J14: =H14*I14 | K14: =K13+J14 | L14: Reinvestir 100%
A15: 13 | E15: 1.4 | F15: =H14-J14 | H15: =F15*E15 | I15: 0 | J15: =H15*I15 | K15: =K14+J15 | L15: Reinvestir 100%
A16: 14 | E16: 1.4 | F16: =H15-J15 | H16: =F16*E16 | I16: 0 | J16: =H16*I16 | K16: =K15+J16 | L16: Reinvestir 100%
A17: 15 | E17: 1.4 | F17: =H16-J16 | H17: =F17*E17 | I17: 0 | J17: =H17*I17 | K17: =K16+J17 | L17: Reinvestir 100%
A18: 16 | E18: 1.4 | F18: =H17-J17 | H18: =F18*E18 | I18: 0 | J18: =H18*I18 | K18: =K17+J18 | L18: 🔴 CP2 — Sacar €433 → Banco = €493
A19: 17 | E19: 1.4 | F19: =H18-J18-433 | H19: =F19*E19 | I19: 0 | J19: =H19*I19 | K19: =K18+J19+433 | L19: Pós CP2: sacar €433
A20: 18 | E20: 1.4 | F20: =H19-J19 | H20: =F20*E20 | I20: 0 | J20: =H20*I20 | K20: =K19+J20 | L20: 🎯 OBJETIVO: €1.000
A21: TOTAL | F21: =SUM(F3:F20) | H21: =SUM(H3:H20) | J21: =SUM(J3:J20) | K21: =MAX(K3:K20)

Sheet 📈 Dashboard
B1: 📈 DASHBOARD — Desafio €10 → €1.000
B3: Step Atual
B4: =COUNTA('📊 Tracker'!A3:A20)
B5: Steps Restantes
B6: =18-COUNTA('📊 Tracker'!A3:A20)
B7: Stake Actual (€)
B8: =IFERROR(INDEX('📊 Tracker'!F3:F20,COUNTA('📊 Tracker'!A3:A20)),10)
B9: Banco Acumulado (€)
B10: =IFERROR(INDEX('📊 Tracker'!K3:K20,COUNTA('📊 Tracker'!A3:A20)),0)
B11: Retorno Total (€)
B12: =SUM('📊 Tracker'!H3:H20)
B13: Apostas Ganhas
B14: =COUNTIF('📊 Tracker'!G3:G20,"G")
B15: Apostas Perdidas
B16: =COUNTIF('📊 Tracker'!G3:G20,"P")
B17: Taxa de Sucesso
B18: =IFERROR(COUNTIF('📊 Tracker'!G3:G20,"G")/COUNTA('📊 Tracker'!G3:G20),0)
B19: Objetivo
B20: 1000
B21: Progresso
B22: =IFERROR(INDEX('📊 Tracker'!K3:K20,COUNTA('📊 Tracker'!A3:A20))/1000,0)

Sheet 🗺️ Estratégia
B1: 🗺️ MAPA COMPLETO DA ESTRATÉGIA — 18 Steps
B2: Step | C2: Fase | D2: Stake (€) | E2: Odd | F2: Retorno (€) | G2: % Guardar | H2: → Banco (€) | I2: Notas
B3: 1 | C3: Recuperação | D3: 10 | E3: 1.45 | F3: 14.5 | G3: 13.5% | H3: 1.96 | I3: Start 🚀
B4: 2 | C4: Recuperação | D4: 12.54 | E4: 1.4 | F4: 17.56 | G4: 13.5% | H4: 2.37
B5: 3 | C5: Recuperação | D5: 15.19 | E5: 1.4 | F5: 21.27 | G5: 13.5% | H5: 2.87
B6: 4 | C6: Recuperação | D6: 18.4 | E6: 1.4 | F6: 25.76 | G6: 13.5% | H6: 3.48 | I6: 🏦 €10 recuperados
B7: 5 | C7: Acumulação 1 | D7: 22.28 | E7: 1.4 | F7: 31.19 | G7: 0% | H7: 0
B8: 6 | C8: Acumulação 1 | D8: 31.19 | E8: 1.4 | F8: 43.67 | G8: 0% | H8: 0
B9: 7 | C9: Acumulação 1 | D9: 43.67 | E9: 1.4 | F9: 61.13 | G9: 0% | H9: 0
B10: 8 | C10: Acumulação 1 | D10: 61.13 | E10: 1.4 | F10: 85.59 | G10: 0% | H10: 0
B11: 9 | C11: Acumulação 1 | D11: 85.59 | E11: 1.4 | F11: 119.82 | G11: 0% | H11: 50 | I11: 🔴 CP1 — Sacar €50
B12: 10 | C12: Acumulação 2 | D12: 69.82 | E12: 1.4 | F12: 97.75 | G12: 0% | H12: 0 | I12: Pós CP1
B13: 11 | C13: Acumulação 2 | D13: 97.75 | E13: 1.4 | F13: 136.85 | G13: 0% | H13: 0
B14: 12 | C14: Acumulação 2 | D14: 136.85 | E14: 1.4 | F14: 191.59 | G14: 0% | H14: 0
B15: 13 | C15: Acumulação 2 | D15: 191.59 | E15: 1.4 | F15: 268.23 | G15: 0% | H15: 0
B16: 14 | C16: Acumulação 2 | D16: 268.23 | E16: 1.4 | F16: 375.52 | G16: 0% | H16: 0
B17: 15 | C17: Acumulação 2 | D17: 375.52 | E17: 1.4 | F17: 525.73 | G17: 0% | H17: 0
B18: 16 | C18: Acumulação 2 | D18: 525.73 | E18: 1.4 | F18: 736.02 | G18: 0% | H18: 433 | I18: 🔴 CP2 — Sacar €433
B19: 17 | C19: Sprint | D19: 303.02 | E19: 1.4 | F19: 424.23 | G19: 0% | H19: 0 | I19: Pós CP2
B20: 18 | C20: Sprint | D20: 424.23 | E20: 1.4 | F20: 593.92 | G20: 0% | H20: 0 | I20: 🎯 Total ≈ €1.000
